id,name,brand,price,unit,photo_url,category,subcategory,tags,country
1,Vitamins C + D for Beauty & Health,Generic,1500,,https://www.cosmetikalux.ru/products/55384662,Здоровье и БАДы,Витамины и минералы,,
2,"Aodziru Classic"" Barley Leaf Powder Drink",Yuwa,950,,https://www.cosmetikalux.ru/products/55423326,Здоровье и БАДы,Витамины и минералы,,Япония
3,"Aodziru Classic"" Barley Leaf Powder Drink",Yuwa,1500,,https://www.cosmetikalux.ru/products/55462780,Здоровье и БАДы,Витамины и минералы,,Япония
4,Alpha-Lipoic Acid,DHC,2000,,https://www.cosmetikalux.ru/products/55464247,Здоровье и БАДы,Витамины и минералы,,Япония
5,Vitamin C Chewable Lemon,Unimat Riken ZOO,1100,,https://www.cosmetikalux.ru/products/55464249,Здоровье и БАДы,Витамины и минералы,,Япония
6,Touty Extract,Generic,1400,,https://www.cosmetikalux.ru/products/55464256,Здоровье и БАДы,Витамины и минералы,,
7,Chewable Vitamin C Lemon,ORIHIRO,600,,https://www.cosmetikalux.ru/products/55464290,Здоровье и БАДы,Витамины и минералы,,Япония
8,Iron + Folic Acid + Vitamins,ORIHIRO,600,,https://www.cosmetikalux.ru/products/55638944,Здоровье и БАДы,Витамины и минералы,,Япония
9,Premium B-Complex Gold,Nutri d-day,1100,,https://www.cosmetikalux.ru/products/55638948,Здоровье и БАДы,Витамины и минералы,,Корея
10,Magnesium Multifunctional,Nutri-D Day,1600,,https://www.cosmetikalux.ru/products/55638953,Здоровье и БАДы,Для суставов и костей,,Корея
11,| 3,Children's Underwear Set (10pcs)                  | Guess,3800,,https://www.cosmetikalux.ru/products/55638960,Продукты и разное,Аксессуары,для_детей,США
12,| 5,Children's Tank Tops (5pcs)                       | Guess,3800,,https://www.cosmetikalux.ru/products/55638968,Продукты и разное,Аксессуары,для_детей,США
13,| 7,Natural Cleansing Sponges                         | MakeUp,250,,https://www.cosmetikalux.ru/products/55638979,Уход за телом,Аксессуары для ухода,,США
14,| 9,Women's Disposable Razor (3pcs)                   | Feather PIANY,300,,https://www.cosmetikalux.ru/products/55638989,Уход за телом,Аксессуары для ухода,,США
15,Travel Bottle Set (7pcs),Vijam,320,,https://www.cosmetikalux.ru/products/55639026,Уход за телом,Аксессуары для ухода,,Корея
16,| 28,Powder Puff (2pcs)                               | Olive Deco,200,,https://www.cosmetikalux.ru/products/55639033,Уход за телом,Аксессуары для ухода,,Корея
17,| 30,Rose Quartz Gua Sha Scraper                      | Ayoume,1200,,https://www.cosmetikalux.ru/products/55639039,Уход за телом,Аксессуары для ухода,,Корея
18,| 32,Pore Extractor Tool                              | Singi,350,,https://www.cosmetikalux.ru/products/55639043,Уход за телом,Аксессуары для ухода,,Корея
19,| 34,Aroma Diffuser                                   | Sandokkaebi,700,,https://www.cosmetikalux.ru/products/55639085,Продукты и разное,Бытовая химия,,Корея
20,"Antibacterial herbal ointment for psoriasis, dermatitis",Duba,350,15g,https://www.cosmetikalux.ru/products/55639147,Лечебные средства,Лечебные мази и кремы,,Китай
21,Living skin ointment,ЖИВАЯ КОЖА,1100,100g,https://www.cosmetikalux.ru/products/55639151,Лечебные средства,Лечебные мази и кремы,,Япония
22,Living skin ointment,ЖИВАЯ КОЖА,350,11g,https://www.cosmetikalux.ru/products/55639152,Лечебные средства,Лечебные мази и кремы,,Япония
23,Ointment for stomatitis,Taisho A,750,6g,https://www.cosmetikalux.ru/products/55639157,Лечебные средства,Лечебные мази и кремы,,Япония
24,Hibi Pro Liquid Bandage,Mentholatum,700,10g,https://www.cosmetikalux.ru/products/55639200,Лечебные средства,Лечебные мази и кремы,,Япония
25,Antifungal gel for nails and toes,Rohto Medical Exci,1000,15g,https://www.cosmetikalux.ru/products/55639839,Лечебные средства,Лечебные мази и кремы,,Япония
26,Papilloma and wart removal product,Hap Ycon Ibokorori,800,10ml,https://www.cosmetikalux.ru/products/55649879,Лечебные средства,Лечебные мази и кремы,,Япония
27,Cooling lotion for insect bites,Tamsaŭ,500,60ml,https://www.cosmetikalux.ru/products/55668424,Лечебные средства,Лечебные мази и кремы,,Япония
28,"Ointment for psoriasis, dermatitis, vitiligo",MIAO YAO QI YANG J,360,15g,https://www.cosmetikalux.ru/products/55695427,Лечебные средства,Лечебные мази и кремы,,Китай
29,Scar and keloid care gel,IYA Derma Scar Gel,1700,15g,https://www.cosmetikalux.ru/products/55996256,Лечебные средства,Лечебные мази и кремы,,Япония
30,SOY ISOFLAVONE,FUJIMA,3150,,https://www.cosmetikalux.ru/products/55996270,Здоровье и БАДы,Для женского здоровья,,Япония
31,Комплекс для женщин 40+ на травах Inochi no Haha A,KOBAYASHI,4400,,https://www.cosmetikalux.ru/products/55996326,Здоровье и БАДы,Для женского здоровья,,Япония
32,Комплекс для женского здоровья от 20 до 40 лет Harmony,FUJIMA,3200,,https://www.cosmetikalux.ru/products/56063652,Здоровье и БАДы,Для женского здоровья,,Япония
33,Boukoren (противовоспалительное средство при цистите),Boukoren,1500,,https://www.cosmetikalux.ru/products/56137750,Здоровье и БАДы,Мочеполовая система,,Япония
34,Pomegranate Seed Extract,DHC,850,,https://www.cosmetikalux.ru/products/56137854,Здоровье и БАДы,Витамины и минералы,,Япония
35,Мультивитамины Мать жизни 20–40 лет,KOBAYASHI,3950,,https://www.cosmetikalux.ru/products/56137859,Здоровье и БАДы,Для женского здоровья,,Япония
36,Гранат для женского здоровья,Fine Japan,2500,,https://www.cosmetikalux.ru/products/56137860,Здоровье и БАДы,Для женского здоровья,,Япония
37,Mama Style Charge (витамины для беременных),WAKODO,650,,https://www.cosmetikalux.ru/products/56137864,Здоровье и БАДы,Для женского здоровья,,Япония
38,Фолиевая кислота + кальций + железо для беременных,Pigeon,1150,,https://www.cosmetikalux.ru/products/56137866,Здоровье и БАДы,Для женского здоровья,для_детей,Япония
39,Мать жизни для женщин 55+,KOBAYASHI,1900,,https://www.cosmetikalux.ru/products/56137881,Здоровье и БАДы,Для женского здоровья,,Япония
40,DHA + D для беременных,Pigeon,1500,,https://www.cosmetikalux.ru/products/56137887,Здоровье и БАДы,Для женского здоровья,для_детей,Япония
41,Pomegranate Premium Quality,Holidays,1500,,https://www.cosmetikalux.ru/products/56137895,Здоровье и БАДы,Для женского здоровья,,Япония
42,Зубная паста с микропудрой для защиты от кариеса,Generic,330,,https://www.cosmetikalux.ru/products/56802090,Гигиена полости рта,Зубные пасты,,
43,"Зубная паста Etiquette, освежающего действия",Lion,300,130g,https://www.cosmetikalux.ru/products/56911005,Гигиена полости рта,Зубные пасты,,Япония
44,Clinica Kids Toothpaste Детская зубная паста,Lion,300,60g,https://www.cosmetikalux.ru/products/56911022,Гигиена полости рта,Зубные пасты,для_детей,Япония
45,Clear Clean Grape со вкусом дыни,KAO,260,70g,https://www.cosmetikalux.ru/products/56911028,Гигиена полости рта,Зубные пасты,,Япония
46,Clear Clean Grape со вкусом винограда,KAO,260,70g,https://www.cosmetikalux.ru/products/56918495,Гигиена полости рта,Зубные пасты,,Япония
47,Clear Clean Grape со вкусом клубники,KAO,260,70g,https://www.cosmetikalux.ru/products/56918503,Гигиена полости рта,Зубные пасты,,Япония
48,"Детская зубная паста слабообразивная, со вкусом дыни",Lion,200,40g,https://www.cosmetikalux.ru/products/56918507,Гигиена полости рта,Зубные пасты,для_детей,Япония
49,Детская зубная паста с ароматом клубники,Lion,200,40g,https://www.cosmetikalux.ru/products/56918509,Гигиена полости рта,Зубные пасты,для_детей,Япония
50,Nano Silver Toothbrush,Mashimaro,160,,https://www.cosmetikalux.ru/products/56918547,Гигиена полости рта,Зубные щётки,,Корея
51,Nonio Pure Fruity Mint,Lion,470,5ml,https://www.cosmetikalux.ru/products/56956496,Гигиена полости рта,Ополаскиватели,,Япония
52,Ion Ag Toothbrush,Mashimaro,170,,https://www.cosmetikalux.ru/products/56956529,Гигиена полости рта,Зубные щётки,,Корея
53,Nonio Clear Herb Mint,Lion,470,5ml,https://www.cosmetikalux.ru/products/56956831,Гигиена полости рта,Ополаскиватели,,Япония
54,FaFa Make a New Habit мятный вкус,Nissan,580,473ml,https://www.cosmetikalux.ru/products/56999627,Гигиена полости рта,Ополаскиватели,,Япония
55,FaFa Make a New Habit фруктово-цитрусовый,Nissan,580,473ml,https://www.cosmetikalux.ru/products/57007221,Гигиена полости рта,Ополаскиватели,,Япония
56,FaFa Make a New Habit черная мята,Nissan,580,473ml,https://www.cosmetikalux.ru/products/57007306,Гигиена полости рта,Ополаскиватели,,Япония
57,Зубная щетка с двойной тонкой щетиной,Guanbo,200,,https://www.cosmetikalux.ru/products/57015916,Гигиена полости рта,Зубные щётки,,Корея
58,Gold Nano Toothbrush Fusion Slim,Right Life,170,,https://www.cosmetikalux.ru/products/57015920,Гигиена полости рта,Зубные щётки,,Корея
59,Зубная щетка средней жесткости,EBISU,150,,https://www.cosmetikalux.ru/products/57154124,Гигиена полости рта,Зубные щётки,,Япония
60,Clinica зубная нить с пластиковым держателем,Lion,500,,https://www.cosmetikalux.ru/products/57407256,Гигиена полости рта,Зубная нить и ёршики,,Япония
61,Clinica Sponge Floss,Lion,650,40m,https://www.cosmetikalux.ru/products/57542386,Гигиена полости рта,Зубная нить и ёршики,,Япония
62,Clinica Шелковистая особотонкая зубная нить,Lion,650,40m,https://www.cosmetikalux.ru/products/57800343,Гигиена полости рта,Зубная нить и ёршики,,Япония
63,Kids safe toothbrush,Generic,160,,https://www.cosmetikalux.ru/products/57859429,Гигиена полости рта,Зубные щётки,для_детей,
64,Misorang Toothbrush,Misorang,150,,https://www.cosmetikalux.ru/products/57859445,Гигиена полости рта,Зубные щётки,,Корея
65,Детская зубная щетка Синий кот,Generic,170,,https://www.cosmetikalux.ru/products/57859492,Гигиена полости рта,Зубные щётки,для_детей,
66,Ebisu межзубный ершик SSSS,EBISU,400,,https://www.cosmetikalux.ru/products/58233343,Гигиена полости рта,Зубная нить и ёршики,,Япония
67,Ёршик межзубный резиновый прямой формы,EBISU,450,,https://www.cosmetikalux.ru/products/58258455,Гигиена полости рта,Зубная нить и ёршики,,Япония
68,EBISU с тонкой распушеной зубной нитью,EBISU,520,,https://www.cosmetikalux.ru/products/58361781,Гигиена полости рта,Зубная нить и ёршики,,Япония
69,Флосспик с тонкой зубной нитью,EBISU,460,,https://www.cosmetikalux.ru/products/58361788,Гигиена полости рта,Зубная нить и ёршики,,Япония
70,4-рядная зубная щётка средней жесткости,EBISU,150,,https://www.cosmetikalux.ru/products/59098691,Гигиена полости рта,Зубные щётки,,Япония
71,Xyldent Black Crystal Green,Mukunghwa,180,,https://www.cosmetikalux.ru/products/59098694,Гигиена полости рта,Зубные пасты,,Корея
72,Дополнительная зубная щётка для брекет-систем,EBISU,370,,https://www.cosmetikalux.ru/products/59139303,Гигиена полости рта,Зубные щётки,,Япония
73,Sumigaki Отбеливающая зубная паста,Kobayashi,450,100g,https://www.cosmetikalux.ru/products/59139320,Гигиена полости рта,Зубные пасты,,Япония
74,Xyldent Отбеливающая паста цитрус и гамамелис,Mukunghwa,200,110g,https://www.cosmetikalux.ru/products/59139330,Гигиена полости рта,Зубные пасты,,Корея
75,Xyldent Отбеливающая паста зелёный чай,Mukunghwa,200,110g,https://www.cosmetikalux.ru/products/59139374,Гигиена полости рта,Зубные пасты,,Корея
76,Xyldent Отбеливающая паста травы и эвкалипт,Mukunghwa,200,110g,https://www.cosmetikalux.ru/products/59175782,Гигиена полости рта,Зубные пасты,,Корея
77,Vitamin Health Clinic зубная паста,Mukunghwa,170,100g,https://www.cosmetikalux.ru/products/59175797,Гигиена полости рта,Зубные пасты,,Корея
78,Gold Nano Toothbrush Fusion Slim,Right Life,170,,https://www.cosmetikalux.ru/products/59175803,Гигиена полости рта,Зубные щётки,,Корея
79,Silver Nano Toothbrush Fusion Slim,Right Life,170,,https://www.cosmetikalux.ru/products/59175809,Гигиена полости рта,Зубные щётки,,Корея
80,Зубная щетка фьюжн слим с нефритовыми ингредиентами,Right Life,220,,https://www.cosmetikalux.ru/products/59181630,Гигиена полости рта,Зубные щётки,,Корея
81,Комплекс на основе зверобоя при повышенном стрессе и на,DHC,1000,,https://www.cosmetikalux.ru/products/59181636,Здоровье и БАДы,"Для мозга, сна и стресса",,Япония
82,"DHC GABA Витаминный комплекс от стресса, раздражения",DHC,900,,https://www.cosmetikalux.ru/products/59296236,Здоровье и БАДы,"Для мозга, сна и стресса",,Япония
83,Гинкго билоба с витаминами группы В,DHC,950,,https://www.cosmetikalux.ru/products/59296253,Здоровье и БАДы,"Для мозга, сна и стресса",,Япония
84,Гинкго Билоба,FUJIMA,2600,,https://www.cosmetikalux.ru/products/59296260,Здоровье и БАДы,"Для мозга, сна и стресса",,Япония
85,Гинкго Билоба с черным чесноком для мозговой деятельнос,Fine Japan,2350,,https://www.cosmetikalux.ru/products/59317815,Здоровье и БАДы,"Для мозга, сна и стресса",,Япония
86,Ginkgo Leaf Extract для улучшения памяти,FINE JAPAN,1800,,https://www.cosmetikalux.ru/products/59317816,Здоровье и БАДы,"Для мозга, сна и стресса",,Япония
87,DHA + EPA + Гинкго билоба для мозга и памяти,DHC,1350,,https://www.cosmetikalux.ru/products/59317817,Здоровье и БАДы,"Для мозга, сна и стресса",,Япония
88,Панседан успокоительное средство на травах,SATO,800,,https://www.cosmetikalux.ru/products/59317818,Здоровье и БАДы,"Для мозга, сна и стресса",,Япония
89,БАД для здорового и полноценного сна,ORIHIRO,1000,,https://www.cosmetikalux.ru/products/59317819,Здоровье и БАДы,Витамины и минералы,,Япония
90,Brain Activity комплекс с гинкго билоба,ORIHIRO,950,,https://www.cosmetikalux.ru/products/59317820,Здоровье и БАДы,"Для мозга, сна и стресса",,Япония
91,UV Protection Visor,,4800,,https://www.cosmetikalux.ru/products/59317821,Уход за лицом,SPF-защита,,
92,UV Protection Visor,,4800,,https://www.cosmetikalux.ru/products/59317823,Уход за лицом,SPF-защита,,
93,Guess Children's Underwear Set (10 pieces),,3800,,https://www.cosmetikalux.ru/products/59317850,Продукты и разное,Аксессуары,для_детей,США
94,"Guess Children's Underwear Set (10 pieces, variant)",,3800,,https://www.cosmetikalux.ru/products/59340101,Продукты и разное,Аксессуары,для_детей,США
95,Guess Children's Tank Tops (5-piece set),,3800,,https://www.cosmetikalux.ru/products/59351150,Продукты и разное,Аксессуары,для_детей,США
96,"Guess Children's Tank Tops (5-piece set, variant)",,3800,,https://www.cosmetikalux.ru/products/59351702,Продукты и разное,Аксессуары,для_детей,США
97,Витамины C + D для поддержания красоты и здоровья,,1500,,https://www.cosmetikalux.ru/products/59354381,Здоровье и БАДы,Витамины и минералы,,
98,Yuwa,Yuwa,950,,https://www.cosmetikalux.ru/products/59354389,Здоровье и БАДы,Витамины и минералы,,Япония
99,Yuwa,Yuwa,1500,,https://www.cosmetikalux.ru/products/59354393,Здоровье и БАДы,Витамины и минералы,,Япония
100,DHC Альфа-липоевая кислота,,2000,,https://www.cosmetikalux.ru/products/59354402,Здоровье и БАДы,Витамины и минералы,,Япония
101,Unimat Riken ZOO Витамин С,,1100,,https://www.cosmetikalux.ru/products/59354428,Здоровье и БАДы,Витамины и минералы,,Япония
102,Экстракт Тоути,,1400,,https://www.cosmetikalux.ru/products/59355444,Здоровье и БАДы,Витамины и минералы,,
103,ORIHIRO Жевательный витамин С,,600,,https://www.cosmetikalux.ru/products/59360824,Здоровье и БАДы,Витамины и минералы,,Япония
104,ORIHIRO Железо + фолиевая кислота + витамины,,600,,https://www.cosmetikalux.ru/products/59360848,Здоровье и БАДы,Витамины и минералы,,Япония
105,Nutri d-day Premium,Nutri d-day Premium,1100,,https://www.cosmetikalux.ru/products/59360870,Здоровье и БАДы,Витамины и минералы,,Корея
106,Nutri-D Day,Nutri-D Day,1600,,https://www.cosmetikalux.ru/products/59362013,Здоровье и БАДы,Витамины и минералы,,Корея
107,DHC Nattokinase Наттокиназа,,1600,,https://www.cosmetikalux.ru/products/59362016,Здоровье и БАДы,Для сердца и сосудов,,Япония
108,Fine Japan Наттокиназа,,2500,,https://www.cosmetikalux.ru/products/59362090,Здоровье и БАДы,Для сердца и сосудов,,Япония
109,DHC Витамин С,,600,,https://www.cosmetikalux.ru/products/59362106,Здоровье и БАДы,Витамины и минералы,,Япония
110,Orihiro MOST Chewable Zinc,,1000,,https://www.cosmetikalux.ru/products/59362154,Здоровье и БАДы,Витамины и минералы,,Япония
111,Свечи Zassle AX,,700,,https://www.cosmetikalux.ru/products/59362170,Здоровье и БАДы,Мочеполовая система,,
112,Коэнзим Q10 FUJIMA,,3000,,https://www.cosmetikalux.ru/products/59362411,Здоровье и БАДы,Для красоты и молодости,,Япония
113,Fancl Базовый комплекс витаминов и минералов,,1600,,https://www.cosmetikalux.ru/products/59365358,Здоровье и БАДы,Витамины и минералы,премиум,Япония
114,DHC Витамин D,,300,,https://www.cosmetikalux.ru/products/59365361,Здоровье и БАДы,Витамины и минералы,,Япония
115,DHC Цинк,,400,,https://www.cosmetikalux.ru/products/59365373,Здоровье и БАДы,Витамины и минералы,,Япония
116,DHC Витамины группы B,,450,,https://www.cosmetikalux.ru/products/59365385,Здоровье и БАДы,Витамины и минералы,,Япония
117,DHC Донник,,1250,,https://www.cosmetikalux.ru/products/59365391,Здоровье и БАДы,Витамины и минералы,,Япония
118,DHC 32 вида овощей и трав,,850,,https://www.cosmetikalux.ru/products/59365399,Здоровье и БАДы,Витамины и минералы,,Япония
119,FUJIMA Ресвератрол и астаксантин,,3500,,https://www.cosmetikalux.ru/products/59365407,Здоровье и БАДы,Для красоты и молодости,,Япония
120,Витамин D3 FUJIMA,,1450,,https://www.cosmetikalux.ru/products/59365431,Здоровье и БАДы,Витамины и минералы,,Япония
121,Витаминно-минеральный комплекс FUJIMA,,2400,,https://www.cosmetikalux.ru/products/59365438,Здоровье и БАДы,Витамины и минералы,,Япония
122,Комплекс для поддержки сосудов FUJIMA Nattokinase,,3850,,https://www.cosmetikalux.ru/products/59365444,Здоровье и БАДы,Для сердца и сосудов,,Япония
123,Витамин C Orihiro,,950,,https://www.cosmetikalux.ru/products/59365879,Здоровье и БАДы,Витамины и минералы,,Япония
124,DHC Биотин медленного высвобождения,,400,,https://www.cosmetikalux.ru/products/59367629,Здоровье и БАДы,Для красоты и молодости,,Япония
125,Taisho Pharmaceutical Preser Свечи,,1000,,https://www.cosmetikalux.ru/products/59367631,Здоровье и БАДы,Мочеполовая система,,Япония
126,Nutri D-day Premium,Nutri D-day Premium,1950,,https://www.cosmetikalux.ru/products/59367634,Здоровье и БАДы,Витамины и минералы,,Корея
127,Коэнзим Q10 в капсулах DHC,,950,,https://www.cosmetikalux.ru/products/59378343,Здоровье и БАДы,Для красоты и молодости,,Япония
128,ORIHIRO Жевательный комплекс витаминов и минералов,,600,,https://www.cosmetikalux.ru/products/59378357,Здоровье и БАДы,Витамины и минералы,,Япония
129,DHC Витамин С в порошке,,500,,https://www.cosmetikalux.ru/products/59396648,Здоровье и БАДы,Витамины и минералы,,Япония
130,Nature Made Витамин B12,,750,,https://www.cosmetikalux.ru/products/59396662,Здоровье и БАДы,Витамины и минералы,,Япония
131,DHC натуральный витамин A,,1300,,https://www.cosmetikalux.ru/products/59397331,Здоровье и БАДы,Витамины и минералы,,Япония
132,Фолиевая кислота DHC,,500,,https://www.cosmetikalux.ru/products/59397645,Здоровье и БАДы,Витамины и минералы,,Япония
133,Kobayashi Fight комплекс,,1400,,https://www.cosmetikalux.ru/products/59397647,Здоровье и БАДы,Витамины и минералы,,Япония
134,Мазь Zassuru AX,,700,,https://www.cosmetikalux.ru/products/59397733,Лечебные средства,Лечебные мази и кремы,,
135,UNIMAT RIKEN Zoo Series,UNIMAT RIKEN Zoo Series,1100,,https://www.cosmetikalux.ru/products/59397740,Здоровье и БАДы,Витамины и минералы,,Япония
136,UNIMAT RIKEN ZOO,UNIMAT RIKEN ZOO,1100,,https://www.cosmetikalux.ru/products/59397748,Здоровье и БАДы,Витамины и минералы,,Япония
137,Unimat Triken Snack Supplement ZOO Витамин D,,1300,,https://www.cosmetikalux.ru/products/59397757,Здоровье и БАДы,Витамины и минералы,,Япония
138,DHC Мультивитамины,,1000,,https://www.cosmetikalux.ru/products/59397772,Здоровье и БАДы,Витамины и минералы,,Япония
139,Orihiro Coenzyme Q10 Комплекс,,2300,,https://www.cosmetikalux.ru/products/59402633,Здоровье и БАДы,Витамины и минералы,,Япония
140,DHC Витамин К,,700,,https://www.cosmetikalux.ru/products/59402634,Здоровье и БАДы,Витамины и минералы,,Япония
141,"Аминокислоты, мультивитамины и минералы Asahi Dear-Natu",,2000,,https://www.cosmetikalux.ru/products/59402637,Здоровье и БАДы,Витамины и минералы,,Япония
142,Комплекс для роста и густоты волос DHC Volume Top,,2900,,https://www.cosmetikalux.ru/products/59402643,Здоровье и БАДы,Для красоты и молодости,,Япония
143,Гемовое железо DHC,,1150,,https://www.cosmetikalux.ru/products/59402718,Здоровье и БАДы,Витамины и минералы,,Япония
144,DHC Черный уксус с чесноком,,1250,,https://www.cosmetikalux.ru/products/59402720,Здоровье и БАДы,Витамины и минералы,,Япония
145,JAY&Co L-лизин таблетки от герпеса,,1300,,https://www.cosmetikalux.ru/products/59402722,Здоровье и БАДы,Витамины и минералы,,Япония
146,Здоровая кожа DHC Deacnea,,1200,,https://www.cosmetikalux.ru/products/59402729,Здоровье и БАДы,Для красоты и молодости,,Япония
147,Пластырь с красным женьшенем Power Red Ginseng,,250,,https://www.cosmetikalux.ru/products/59402750,Лечебные средства,Пластыри,,
148,Капсулы с маслом семян периллы DHC,,700,,https://www.cosmetikalux.ru/products/59402844,Здоровье и БАДы,Витамины и минералы,,Япония
149,FANCL от давления,,2100,,https://www.cosmetikalux.ru/products/59402896,Здоровье и БАДы,Для сердца и сосудов,премиум,Япония
150,Virus Kafun Ion De Block,,1000,,https://www.cosmetikalux.ru/products/59411080,Здоровье и БАДы,Для иммунитета и при простуде,,
151,Nature Made Super мультивитамины и минералы,,2400,,https://www.cosmetikalux.ru/products/59411081,Здоровье и БАДы,Витамины и минералы,,Япония
152,DНС Контроль холестерина,,1600,,https://www.cosmetikalux.ru/products/59411171,Здоровье и БАДы,Для сердца и сосудов,,
153,DHC MUDZU от аллергии,,1950,,https://www.cosmetikalux.ru/products/59411262,Здоровье и БАДы,Витамины и минералы,,Япония
154,Magnesium+ — Магний с добавками,,850,,https://www.cosmetikalux.ru/products/59413837,Здоровье и БАДы,Для суставов и костей,,
155,FJ Натуральный йодовый препарат,,2700,,https://www.cosmetikalux.ru/products/59413843,Здоровье и БАДы,Витамины и минералы,,
156,FANCL Витамины и минералы,,1200,,https://www.cosmetikalux.ru/products/59445663,Здоровье и БАДы,Витамины и минералы,премиум,Япония
157,ORIHIRO Хлорелла,,1500,,https://www.cosmetikalux.ru/products/59445714,Здоровье и БАДы,Витамины и минералы,,Япония
158,DHC Соевый Лецитин,,700,,https://www.cosmetikalux.ru/products/59447107,Здоровье и БАДы,Для печени,,Япония
159,Комплекс витаминов Holidays Vitamin B Complex,,1100,,https://www.cosmetikalux.ru/products/59447166,Здоровье и БАДы,Витамины и минералы,,Япония
160,Спрей от комаров и клещей для детей,,600,,https://www.cosmetikalux.ru/products/59447277,Здоровье и БАДы,Для иммунитета и при простуде,для_детей,
161,"Гемовое железо DHC, B12, фолиевая кислота",,650,,https://www.cosmetikalux.ru/products/59447402,Здоровье и БАДы,Витамины и минералы,,Япония
162,HARELU Цинк,,950,,https://www.cosmetikalux.ru/products/59447422,Здоровье и БАДы,Витамины и минералы,,Япония
163,DHC астаксантин,,1500,,https://www.cosmetikalux.ru/products/59449944,Здоровье и БАДы,Для красоты и молодости,,Япония
164,DHC Full Of Energy,,1950,,https://www.cosmetikalux.ru/products/59449953,Здоровье и БАДы,Витамины и минералы,,Япония
165,DHC Экстракт Кампо Шофусан,,2300,,https://www.cosmetikalux.ru/products/59449954,Здоровье и БАДы,Для женского здоровья,,Япония
166,Vita Labs Magnesium 420,,1600,,https://www.cosmetikalux.ru/products/59449955,Здоровье и БАДы,Для суставов и костей,,Япония
167,Holidays Premium Quality Calcium Magnesium Zinc Vitamin,,1200,,https://www.cosmetikalux.ru/products/59449956,Здоровье и БАДы,Для суставов и костей,,Япония
168,DHC Витамин E,,450,,https://www.cosmetikalux.ru/products/59449957,Здоровье и БАДы,Витамины и минералы,,Япония
169,Ферритовое магнитное ожерелье PIP MagneLoop EX,,2300,,https://www.cosmetikalux.ru/products/59449958,Продукты и разное,Аксессуары,,Япония
170,Fine Japan Nattokinase,,2200,,https://www.cosmetikalux.ru/products/59450459,Здоровье и БАДы,Для сердца и сосудов,,Япония
171,ORIHIRO Oyster Extract for Men's Health,,2200,,https://www.cosmetikalux.ru/products/59463651,Здоровье и БАДы,Витамины и минералы,для_мужчин,Япония
172,Dear-Natura Palmetto - Men's Health with Saw Palmetto E,,1200,,https://www.cosmetikalux.ru/products/59463662,Здоровье и БАДы,Витамины и минералы,для_мужчин,Япония
173,FANCL Men's Vitamins & Minerals (Ages 20-29),,2200,,https://www.cosmetikalux.ru/products/59463789,Здоровье и БАДы,Витамины и минералы,"для_мужчин,премиум",Япония
174,FANCL Men's Vitamins & Minerals (Ages 30-39),,2500,,https://www.cosmetikalux.ru/products/59484644,Здоровье и БАДы,Витамины и минералы,"для_мужчин,премиум",Япония
175,FANCL Men's Vitamins & Minerals (Ages 40-49),,3700,,https://www.cosmetikalux.ru/products/59486847,Здоровье и БАДы,Витамины и минералы,"для_мужчин,премиум",Япония
176,FANCL Men's Vitamins & Minerals (Ages 50-59),,4300,,https://www.cosmetikalux.ru/products/59486870,Здоровье и БАДы,Витамины и минералы,"для_мужчин,премиум",Япония
177,FANCL Men's Vitamins & Minerals (Ages 60+),,4500,,https://www.cosmetikalux.ru/products/59486873,Здоровье и БАДы,Витамины и минералы,"для_мужчин,премиум",Япония
178,ORIHIRO Turtle Extract,,1650,,https://www.cosmetikalux.ru/products/59486887,Здоровье и БАДы,Витамины и минералы,для_мужчин,Япония
179,DHC Maca Supplement,,1650,,https://www.cosmetikalux.ru/products/59493240,Здоровье и БАДы,Витамины и минералы,для_мужчин,Япония
180,Fine Japan Palmetto Night,,1700,,https://www.cosmetikalux.ru/products/59500058,Здоровье и БАДы,Витамины и минералы,для_мужчин,Япония
181,ORIHIRO Oysters + Mussels + Garlic + Turmeric,,2250,,https://www.cosmetikalux.ru/products/59500068,Здоровье и БАДы,Витамины и минералы,,Япония
182,Sante,Sante,550,,https://www.cosmetikalux.ru/products/59500091,Здоровье и БАДы,Для зрения,,Япония
183,WIBI,WIBI,600,,https://www.cosmetikalux.ru/products/59500103,Здоровье и БАДы,Для зрения,,Япония
184,Rohto,Rohto,380,,https://www.cosmetikalux.ru/products/59500136,Здоровье и БАДы,Для зрения,,Япония
185,Santen,Santen,700,,https://www.cosmetikalux.ru/products/59500167,Здоровье и БАДы,Для зрения,,Япония
186,Sante,Sante,600,,https://www.cosmetikalux.ru/products/59501083,Здоровье и БАДы,Для зрения,,Япония
187,Rohto,Rohto,600,,https://www.cosmetikalux.ru/products/59507868,Здоровье и БАДы,Для зрения,,Япония
188,Lion,Lion,750,,https://www.cosmetikalux.ru/products/59507869,Здоровье и БАДы,Для зрения,,Япония
189,Santen,Santen,400,,https://www.cosmetikalux.ru/products/59507940,Здоровье и БАДы,Для зрения,,Япония
190,Rohto,Rohto,1000,,https://www.cosmetikalux.ru/products/59508171,Здоровье и БАДы,Для зрения,,Япония
191,Lion,Lion,400,,https://www.cosmetikalux.ru/products/59508184,Здоровье и БАДы,Для зрения,,Япония
192,DHC,DHC,1400,,https://www.cosmetikalux.ru/products/59508234,Здоровье и БАДы,Витамины и минералы,,Япония
193,Rohto,Rohto,750,,https://www.cosmetikalux.ru/products/59521045,Здоровье и БАДы,Для зрения,,Япония
194,Rohto,Rohto,800,,https://www.cosmetikalux.ru/products/59521072,Здоровье и БАДы,Для зрения,,Япония
195,Lion,Lion,800,,https://www.cosmetikalux.ru/products/59521082,Здоровье и БАДы,Для зрения,,Япония
196,Product (No Name Listed),,550,,https://www.cosmetikalux.ru/products/59523572,Продукты и разное,Аксессуары,,
197,DHC,DHC,1000,,https://www.cosmetikalux.ru/products/59523715,Здоровье и БАДы,Витамины и минералы,,Япония
198,Orihiro,Orihiro,600,,https://www.cosmetikalux.ru/products/59523728,Здоровье и БАДы,Витамины и минералы,,Япония
199,Nutri D-Day,Nutri D-Day,1500,,https://www.cosmetikalux.ru/products/59523770,Здоровье и БАДы,Витамины и минералы,,Корея
200,Fine Japan,Fine Japan,1900,,https://www.cosmetikalux.ru/products/59549219,Здоровье и БАДы,Витамины и минералы,,Япония
201,Showa Siko,Showa Siko,510,,https://www.cosmetikalux.ru/products/59549228,Здоровье и БАДы,Для зрения,,Япония
202,25,Various Hair Combs & Brushes | Solomeya | 600      |,750,,https://www.cosmetikalux.ru/products/59549243,Уход за телом,Аксессуары для ухода,,Корея
203,"Пластырь для ран L.mo Soft Touch M (80 шт, 19×72",,350,,https://www.cosmetikalux.ru/products/59549457,Лечебные средства,Пластыри,,
204,Охлаждающий пластырь,,180,,https://www.cosmetikalux.ru/products/59566826,Лечебные средства,Пластыри,,
205,IIOVER COOL PAK Пластырь от температуры,,100,,https://www.cosmetikalux.ru/products/59587122,Лечебные средства,Пластыри,,Япония
206,"Kobayashi Pharmaceutical Cooling Gel Sheet"" (дет",,1350,,https://www.cosmetikalux.ru/products/59587179,Лечебные средства,Пластыри,,Япония
207,Kobayashi Pharmaceutical Cooling Gel Sheet,,1350,,https://www.cosmetikalux.ru/products/59587181,Лечебные средства,Пластыри,,Япония
208,ORIHIRO Экстракт устриц для мужского здоровья,,2200,,https://www.cosmetikalux.ru/products/59598286,Здоровье и БАДы,Витамины и минералы,для_мужчин,Япония
209,БАД для мужского здоровья с экстрактом пальмы сереноа П,,1200,,https://www.cosmetikalux.ru/products/59598287,Здоровье и БАДы,Витамины и минералы,для_мужчин,
210,ORIHIRO Trionyx (Turtle) Extract,,1650,,https://www.cosmetikalux.ru/products/59598288,Здоровье и БАДы,Витамины и минералы,,Япония
211,DHC Maca Bioadditive,,1650,,https://www.cosmetikalux.ru/products/59598297,Здоровье и БАДы,Витамины и минералы,для_мужчин,Япония
212,Sante FX Neo,,550,,https://www.cosmetikalux.ru/products/59598423,Здоровье и БАДы,Для зрения,,Япония
213,WIBI Eye Drops with Vitamins,,600,,https://www.cosmetikalux.ru/products/59598787,Здоровье и БАДы,Для зрения,,Япония
214,Rohto 40a Eye Drops,,380,,https://www.cosmetikalux.ru/products/59599071,Здоровье и БАДы,Для зрения,,Япония
215,Santen Medical Eye Drops,,700,,https://www.cosmetikalux.ru/products/59599101,Здоровье и БАДы,Для зрения,,Япония
216,Sante FX-V+ Eye Drops,,600,,https://www.cosmetikalux.ru/products/59599104,Здоровье и БАДы,Для зрения,,Япония
217,Rohto Z Pro Super Mint Drops,,600,,https://www.cosmetikalux.ru/products/59599107,Здоровье и БАДы,Для зрения,,Япония
218,ROHTO Child Drops,,600,,https://www.cosmetikalux.ru/products/59603958,Здоровье и БАДы,Для зрения,для_детей,Япония
219,Lion Smile Whiteye Eye Drops,,750,,https://www.cosmetikalux.ru/products/59603959,Здоровье и БАДы,Для зрения,,Япония
220,Sante 40 Kaiteki with Vitamin E,,400,,https://www.cosmetikalux.ru/products/59603960,Здоровье и БАДы,Для зрения,,Япония
221,Sante 40 Gold with Chondroitin,,700,,https://www.cosmetikalux.ru/products/59603962,Здоровье и БАДы,Для суставов и костей,,Япония
222,Rohto V 11 Eye Drops,,1000,,https://www.cosmetikalux.ru/products/59603964,Здоровье и БАДы,Для зрения,,Япония
223,Lion Smile 40 Eye Drops,,400,,https://www.cosmetikalux.ru/products/59603967,Здоровье и БАДы,Для зрения,,Япония
224,DHC Quick Haste Blueberries Complex,,1400,,https://www.cosmetikalux.ru/products/59603968,Здоровье и БАДы,Для зрения,,Япония
225,Rohto Z! Toning Drops,,750,,https://www.cosmetikalux.ru/products/59603971,Здоровье и БАДы,Для зрения,,Япония
226,Rohto Gold 40 Prevention Drops,,750,,https://www.cosmetikalux.ru/products/59603973,Здоровье и БАДы,Для зрения,,Япония
227,Lion Smile Whiteye Contact Drops,,750,,https://www.cosmetikalux.ru/products/59603979,Здоровье и БАДы,Для зрения,,Япония
228,Rohto Gold 40 Mild with Chondroitin,,800,,https://www.cosmetikalux.ru/products/59603985,Здоровье и БАДы,Для суставов и костей,,Япония
229,LION Smile 40 Premium with Vitamin A,,800,,https://www.cosmetikalux.ru/products/59637876,Здоровье и БАДы,Для зрения,,Япония
230,Product (unnamed),,550,,https://www.cosmetikalux.ru/products/59637880,Продукты и разное,Аксессуары,,
231,DHC Bilberry Extract,,1000,,https://www.cosmetikalux.ru/products/59637881,Здоровье и БАДы,Для зрения,,Япония
232,Orihiro Blueberry & Lutein Chewables,,600,,https://www.cosmetikalux.ru/products/59642903,Здоровье и БАДы,Для зрения,,Япония
233,Nutri D-Day Lutein Gold,,1500,,https://www.cosmetikalux.ru/products/59651048,Здоровье и БАДы,Для зрения,,Корея
234,Fine Japan Sharp Vision,,1900,,https://www.cosmetikalux.ru/products/59653993,Здоровье и БАДы,Для зрения,,Япония
235,Showa Siko Megane Lens Wipes,,510,,https://www.cosmetikalux.ru/products/59654037,Здоровье и БАДы,Для зрения,,Япония
236,Корейские пробиотики LACTO-FIT(50 стиков),,1700,,https://www.cosmetikalux.ru/products/59654047,Здоровье и БАДы,Для ЖКТ и пищеварения,,Корея
237,Гранулы от изжоги и боли в желудке Panshiron Cure (30 п,,1100,,https://www.cosmetikalux.ru/products/59654058,Здоровье и БАДы,Для ЖКТ и пищеварения,,Япония
238,Пищевая добавка LACTIS 10 мл / 30 пакетиков,,8600,,https://www.cosmetikalux.ru/products/59654064,Здоровье и БАДы,Для ЖКТ и пищеварения,,
239,Biofermin Shin S — японский пробиотик,,3200,,https://www.cosmetikalux.ru/products/59674955,Здоровье и БАДы,Для ЖКТ и пищеварения,,Япония
240,Kowa THE GUARD α3+ Защитник желудка (550 табл),,3200,,https://www.cosmetikalux.ru/products/59675329,Здоровье и БАДы,Для ЖКТ и пищеварения,,Япония
241,Ohta Isan Средство для улучшения пищеварения (150 гр),,1800,,https://www.cosmetikalux.ru/products/59676910,Здоровье и БАДы,Для ЖКТ и пищеварения,,Япония
242,Seedcoms Spore-Like Lactic Acid Bacteria Комплекс (30 д,,900,,https://www.cosmetikalux.ru/products/59676920,Здоровье и БАДы,Для ЖКТ и пищеварения,,Япония
243,DHC Бифидобактерии EX (30 капсул на 30 дней),,1700,,https://www.cosmetikalux.ru/products/59677784,Здоровье и БАДы,Для ЖКТ и пищеварения,,Япония
244,Ohta Isan Препарат для нормализации ЖКТ (48 шт),,1900,,https://www.cosmetikalux.ru/products/59677935,Здоровье и БАДы,Для ЖКТ и пищеварения,,Япония
245,DHC Aloe Laxative Слабительное (120 шт на 60 дн),,1500,,https://www.cosmetikalux.ru/products/59677944,Здоровье и БАДы,Для ЖКТ и пищеварения,,Япония
246,- Price,,1100,,https://www.cosmetikalux.ru/products/59677982,Продукты и разное,Аксессуары,,
247,Kobayashi Pharmaceutical Nodonuru Analgesic Throat Caps,,900,,https://www.cosmetikalux.ru/products/59679767,Здоровье и БАДы,Для иммунитета и при простуде,,Япония
248,Peppermint Field Black Aromatic Inhaler Stick (2 ml),,210,,https://www.cosmetikalux.ru/products/59679772,Здоровье и БАДы,Для иммунитета и при простуде,,Таиланд
249,Kobayashi Nodonuru EX Cool Menthol Throat Spray (15 ml),,1100,,https://www.cosmetikalux.ru/products/59679774,Здоровье и БАДы,Для иммунитета и при простуде,,Япония
250,Chikunain Sinusitis and Rhinitis Tablets (224 tablets),,5500,,https://www.cosmetikalux.ru/products/59679776,Здоровье и БАДы,Для иммунитета и при простуде,,Япония
251,Hanmi MokN Spray (30 ml),,1450,,https://www.cosmetikalux.ru/products/59679863,Здоровье и БАДы,Для иммунитета и при простуде,,Япония
252,Sato NAZAL Nasal Spray with Lavender,,700,,https://www.cosmetikalux.ru/products/59699886,Здоровье и БАДы,Для иммунитета и при простуде,,Япония
253,SATO Nazal Japanese Nasal Spray with Pump (30 ml),,700,,https://www.cosmetikalux.ru/products/59716187,Здоровье и БАДы,Для иммунитета и при простуде,,Япония
254,DHC Cold Out Cold Prevention Supplement (30 days),,1600,,https://www.cosmetikalux.ru/products/59716221,Здоровье и БАДы,Для иммунитета и при простуде,,Япония
255,Green Herb Nasal Inhaler Stick with Thai Essential Oils,,170,,https://www.cosmetikalux.ru/products/59716245,Здоровье и БАДы,Для иммунитета и при простуде,,Таиланд
256,"Chikunain Herbal Complex for Rhinitis and Sinusitis, 7+",,3000,,https://www.cosmetikalux.ru/products/59728643,Здоровье и БАДы,Для иммунитета и при простуде,,Япония
257,- Price,,500,,https://www.cosmetikalux.ru/products/59729959,Продукты и разное,Аксессуары,,
258,Air Doctor Virus Blocker Badge with Clip (1 unit),,350,,https://www.cosmetikalux.ru/products/59733569,Здоровье и БАДы,Для иммунитета и при простуде,,США
259,Air Doctor Portable Virus Blocker,,350,,https://www.cosmetikalux.ru/products/59751489,Здоровье и БАДы,Для иммунитета и при простуде,,США
260,"Kobayashi ""Dasmoke"" Комплекс для очищения бронхов, 80 т",,2600,,https://www.cosmetikalux.ru/products/59751905,Здоровье и БАДы,Для иммунитета и при простуде,,Япония
261,DHC Здоровая печень (90 капсул на 30 дней),,1400,,https://www.cosmetikalux.ru/products/59752015,Здоровье и БАДы,Для печени,,Япония
262,ORIHIRO Экстракт Корбикулы (120 табл на 30 дней),,1800,,https://www.cosmetikalux.ru/products/59752019,Здоровье и БАДы,Для печени,,Япония
263,DHC Куркума (60 капсул на 30 дней),,1850,,https://www.cosmetikalux.ru/products/59753605,Здоровье и БАДы,Для печени,,Япония
264,Лецитин DHC 120 капсул на 30 дней,,700,,https://www.cosmetikalux.ru/products/59770176,Здоровье и БАДы,Для печени,,Япония
265,Orihiro Концентрированная куркума и витамины группы B в,,700,,https://www.cosmetikalux.ru/products/59770177,Здоровье и БАДы,Для печени,,Япония
266,Комплекс для восстановления печени Sato Liverurso Gold,,2800,,https://www.cosmetikalux.ru/products/59770179,Здоровье и БАДы,Для печени,,Япония
267,Seedcoms Комплекс для восстановления работы печени на 3,,1000,,https://www.cosmetikalux.ru/products/59794161,Здоровье и БАДы,Для печени,,Япония
268,Глюкозамин и хондроитин Orihiro,,1900,,https://www.cosmetikalux.ru/products/59794179,Здоровье и БАДы,Для суставов и костей,,Япония
269,Fine Japan Хондроитин и глюкозамин с комплексом витамин,,3500,,https://www.cosmetikalux.ru/products/59851006,Здоровье и БАДы,Для суставов и костей,,Япония
270,"(glucosamine + chondroitin + MSM, 900 tablets, 90 days)",,3800,,https://www.cosmetikalux.ru/products/59880813,Здоровье и БАДы,Для суставов и костей,,
271,"(glucosamine + chondroitin + MSM, 360 tablets, 36 days)",,2050,,https://www.cosmetikalux.ru/products/59881058,Здоровье и БАДы,Для суставов и костей,,
272,"(900 tablets, 100 days)",,3000,,https://www.cosmetikalux.ru/products/59887267,Здоровье и БАДы,Витамины и минералы,,
273,DHC Extremely Easy EX Глюкозамин,,1900,,https://www.cosmetikalux.ru/products/59887279,Здоровье и БАДы,Для суставов и костей,,Япония
274,Orihiro Глюкозамин с хондроитином,,3000,,https://www.cosmetikalux.ru/products/59887282,Здоровье и БАДы,Для суставов и костей,,Япония
275,Хондроитин ZS Tablets,,7000,,https://www.cosmetikalux.ru/products/59887283,Здоровье и БАДы,Для суставов и костей,,
276,DHC Хондроитин,,1200,,https://www.cosmetikalux.ru/products/59887294,Здоровье и БАДы,Для суставов и костей,,Япония
277,NOGUCHI Глюкозамин + Хондроитин + Коллаген,,3700,,https://www.cosmetikalux.ru/products/59887319,Здоровье и БАДы,Для суставов и костей,,Япония
278,Кальций+витамин D Orihiro,,1300,,https://www.cosmetikalux.ru/products/59921268,Здоровье и БАДы,Для суставов и костей,,Япония
279,Кальций + витамин D Nature Made Super Calcium,,1200,,https://www.cosmetikalux.ru/products/59937594,Здоровье и БАДы,Для суставов и костей,,Япония
280,"(180 capsules, 3 months)",,1700,,https://www.cosmetikalux.ru/products/59937595,Здоровье и БАДы,Витамины и минералы,,
281,"(150 tablets, 75 days)",,1100,,https://www.cosmetikalux.ru/products/59937596,Здоровье и БАДы,Витамины и минералы,,
282,"DHC Кальций, Магний, Витамин D3",,900,,https://www.cosmetikalux.ru/products/59937597,Здоровье и БАДы,Для суставов и костей,,Япония
283,DHC Ichirokujuni EX,,1700,,https://www.cosmetikalux.ru/products/59937598,Здоровье и БАДы,Для суставов и костей,,Япония
284,GH Creation EX — Комплекс для роста,,3300,,https://www.cosmetikalux.ru/products/59937599,Здоровье и БАДы,Для суставов и костей,,
285,"(calcium + magnesium, 240 tablets, 60 days)",,950,,https://www.cosmetikalux.ru/products/59937600,Здоровье и БАДы,Для суставов и костей,,
286,Price,,2300,,https://www.cosmetikalux.ru/products/59937601,Продукты и разное,Аксессуары,,
287,"- Full name: ""Ансерин Asahi Dear-Natura Gold (60 таб, 3",,2150,,https://www.cosmetikalux.ru/products/59937602,Здоровье и БАДы,Для сердца и сосудов,,Япония
288,Price,,1350,,https://www.cosmetikalux.ru/products/59937603,Продукты и разное,Аксессуары,,
289,"Жевательные таблетки Бонаринг"" (Bonaring Chewable Table",,500,,https://www.cosmetikalux.ru/products/59937604,Лечебные средства,От укачивания,,Япония
290,Aneron Niscap,,1100,,https://www.cosmetikalux.ru/products/59954721,Лечебные средства,От укачивания,,Япония
291,Travelop QQ S (Sidр),,400,,https://www.cosmetikalux.ru/products/59954727,Лечебные средства,От укачивания,,Япония
292,Travelop QQ S (Sidр),,400,,https://www.cosmetikalux.ru/products/59954828,Лечебные средства,От укачивания,,Япония
293,Растворимый кофе МАХІМ из Японии от AGF,,1150,,https://www.cosmetikalux.ru/products/59954860,Продукты и разное,Чай и кофе,,Япония
294,UCC The Blend Mild Натуральный молотый кофе,,770,,https://www.cosmetikalux.ru/products/59954982,Продукты и разное,Чай и кофе,,Япония
295,Японский зеленый чай Сенча Уджиен,,630,,https://www.cosmetikalux.ru/products/59957699,Продукты и разное,Чай и кофе,,
296,Seiko Кофе с молоком Nagomi Cafe au lait,,630,,https://www.cosmetikalux.ru/products/59957828,Продукты и разное,Чай и кофе,,Япония
297,Molotый кофе Nagomi Special Blend Seiko Coffee,,720,,https://www.cosmetikalux.ru/products/59958304,Продукты и разное,Чай и кофе,,Япония
298,Чай AVANCE Earl Grey Apple Tea,,350,,https://www.cosmetikalux.ru/products/59974759,Продукты и разное,Чай и кофе,,Япония
299,Чай AVANCE Earl Grey Orange Tea,,350,,https://www.cosmetikalux.ru/products/59974763,Продукты и разное,Чай и кофе,,Япония
300,Lipton Pure & Simple,,650,,https://www.cosmetikalux.ru/products/59974792,Продукты и разное,Чай и кофе,,Япония
301,MJB Army Green DP Coffee,,890,,https://www.cosmetikalux.ru/products/59974796,Продукты и разное,Чай и кофе,,Япония
302,AVANCE Чай Эрл Грей черный c персиком,,350,,https://www.cosmetikalux.ru/products/59974898,Продукты и разное,Чай и кофе,,Япония
303,- Price,,4500,,https://www.cosmetikalux.ru/products/59983977,Продукты и разное,Аксессуары,,
304,эмульсия для сужения пор Dr.Ceuracle 5α Control Clearin,,3450,,https://www.cosmetikalux.ru/products/59984017,Уход за лицом,Кремы и эмульсии,,Корея
305,Увлажняющий лосьон с морской водой Round Lab 1025 Dokdo,,2350,,https://www.cosmetikalux.ru/products/59984018,Уход за лицом,Тонеры и лосьоны,,Корея
306,O HUI White Extreme White Emulsion Осветляющая эмульсия,,3500,,https://www.cosmetikalux.ru/products/59984036,Уход за лицом,Кремы и эмульсии,,Корея
307,Успокаивающий и увлажняющий лосьон ANUA (200мл),,2900,,https://www.cosmetikalux.ru/products/60054767,Уход за лицом,Тонеры и лосьоны,,Корея
308,Лосьон-молочко с персиком и ниацинамидом Anua Peach 77,,2900,,https://www.cosmetikalux.ru/products/60054768,Уход за лицом,Тонеры и лосьоны,,Корея
309,- Price,,2600,,https://www.cosmetikalux.ru/products/60054781,Продукты и разное,Аксессуары,,
310,Омолаживающая эмульсия с комплексом пептидов 9 Aqua Ess,,2000,,https://www.cosmetikalux.ru/products/60064566,Здоровье и БАДы,Витамины и минералы,,Корея
311,The History of Whoo Gongjinhyang Soo Vital Hydrating Em,,3800,,https://www.cosmetikalux.ru/products/60213592,Уход за лицом,Кремы и эмульсии,премиум,Корея
312,The Saga of Soo Botanical Energy Balancing Moisturizer,,2500,,https://www.cosmetikalux.ru/products/60298171,Уход за лицом,Кремы и эмульсии,,Корея
313,Price Range:,,10500,,https://www.cosmetikalux.ru/products/60298307,Продукты и разное,Аксессуары,,
314,Round Lab Birch Juice Hand Cream,,380,,https://www.cosmetikalux.ru/products/60305862,Уход за телом,Кремы для рук,,Корея
315,FarmStay JEJU Mayu Visible Difference Hand Cream Horse,,150,,https://www.cosmetikalux.ru/products/60305868,Уход за телом,Кремы для рук,,Корея
316,TENZERO Touch Holic Hand Cream Vanilla Sunshine,,270,,https://www.cosmetikalux.ru/products/60306347,Уход за телом,Кремы для рук,,Корея
317,Christian Dean Platinum Horse Oil Hand Cream,,190,,https://www.cosmetikalux.ru/products/60307513,Уход за телом,Кремы для рук,,Корея
318,JIGOTT Hand Cream with Lotus Extract,,130,,https://www.cosmetikalux.ru/products/60307611,Уход за телом,Кремы для рук,,Корея
319,Kamill Classic Hand and Nail Cream,,450,,https://www.cosmetikalux.ru/products/60308586,Уход за телом,Аксессуары для ухода,,Италия
320,MISSHA Dare Body Hand Cream Love Begins,,350,,https://www.cosmetikalux.ru/products/60308701,Уход за телом,Кремы для рук,,Корея
321,PrettySkin Mask Hand Rich Moisture,,200,,https://www.cosmetikalux.ru/products/60314168,Уход за телом,Маски для рук,,Корея
322,JIGOTT Hand Cream with Hibiscus Extract,,130,,https://www.cosmetikalux.ru/products/60317834,Уход за телом,Кремы для рук,,Корея
323,JIGOTT Secret Garden Chrysanthemum Hand Cream,,130,,https://www.cosmetikalux.ru/products/60320792,Уход за телом,Кремы для рук,,Корея
324,KUNDAL Shea Butter & Macadamia Hand Cream,,550,,https://www.cosmetikalux.ru/products/60332421,Уход за телом,Кремы для рук,,Корея
325,HAND PACK Shea Butter Moisture,,140,,https://www.cosmetikalux.ru/products/60332434,Уход за телом,Маски для рук,,
326,JIGOTT Hand Cream with Edelweiss Extract,,130,,https://www.cosmetikalux.ru/products/60355834,Уход за телом,Кремы для рук,,Корея
327,Jigott Real Moisture Argan Oil Hand Cream,,130,,https://www.cosmetikalux.ru/products/60355863,Уход за телом,Кремы для рук,,Корея
328,Singi Oil Pen Nail & Cuticle Recover,,550,,https://www.cosmetikalux.ru/products/60359889,Уход за телом,Аксессуары для ухода,,Корея
329,Jigott Vita Solution 12 Brightening Hand Care Pack,,120,,https://www.cosmetikalux.ru/products/60362037,Уход за телом,Маски для рук,,Корея
330,Jigott Real Moisture Snail Hand Cream,,130,,https://www.cosmetikalux.ru/products/60362085,Уход за телом,Аксессуары для ухода,,Корея
331,Jigott Real Moisture Pomegranate Hand Cream,,130,,https://www.cosmetikalux.ru/products/60371094,Уход за телом,Кремы для рук,,Корея
332,Осветляющий крем для век с транексамовой кислотой и глу,,1400,,https://www.cosmetikalux.ru/products/60371123,Здоровье и БАДы,Витамины и минералы,,Корея
333,Su:m37 Secret Eye Cream,,5650,,https://www.cosmetikalux.ru/products/60371145,Уход за лицом,Кремы для век и патчи,премиум,Корея
334,Крем для век с ретинолом,,2100,,https://www.cosmetikalux.ru/products/60371147,Уход за лицом,Кремы для век и патчи,,Корея
335,Meditime Крем для век с эффектом ботокса (30 мл),,1500,,https://www.cosmetikalux.ru/products/60371178,Уход за лицом,Кремы для век и патчи,,Корея
336,Eye Charm Magic Slim - Double Sided Eyelid Tape (44шт),,260,,https://www.cosmetikalux.ru/products/60371354,Продукты и разное,Аксессуары,,Корея
337,SU:M37 Blossom Garden Антивозрастной крем для кожи вокр,,3000,,https://www.cosmetikalux.ru/products/60375487,Уход за лицом,Кремы и эмульсии,премиум,Корея
338,TENZERO Moisture Collagen Eye Cream (40 мл),,500,,https://www.cosmetikalux.ru/products/60375796,Уход за лицом,Кремы для век и патчи,,Корея
339,JMsolution Prime Gold Eye Patch (60 шт),,1300,,https://www.cosmetikalux.ru/products/60391223,Уход за лицом,Кремы для век и патчи,,Корея
340,BeauGreen Coffee Hydrogel Eye Patch (30 пар),,950,,https://www.cosmetikalux.ru/products/60391226,Уход за лицом,Кремы для век и патчи,,Корея
341,BeauuGreen Collagen & Gold Hydrogel Eye Patch (30пар),,900,,https://www.cosmetikalux.ru/products/60391230,Уход за лицом,Кремы для век и патчи,,Корея
342,Medi-Peel 24K Gold Snail Repair Eye Cream (40мл),,2100,,https://www.cosmetikalux.ru/products/60427441,Уход за телом,Аксессуары для ухода,,Корея
343,JMsolution Gold Silk Protein Hydrogel Patch (60шт),,1100,,https://www.cosmetikalux.ru/products/60443234,Уход за лицом,Кремы для век и патчи,,Корея
344,JMsolution Silk & Charcoal Hydrogel Patch (60 шт),,1100,,https://www.cosmetikalux.ru/products/60487689,Уход за лицом,Кремы для век и патчи,,Корея
345,JMsolution Silk Protein Hydrogel Patch (60 шт),,1150,,https://www.cosmetikalux.ru/products/60489629,Уход за лицом,Кремы для век и патчи,,Корея
346,Manyo Factory Bifida Biome Concentrate Eye Cream (30 мл,,2700,,https://www.cosmetikalux.ru/products/60489649,Уход за лицом,Кремы для век и патчи,,Корея
347,Липосомная омолаживающая сыворотка для век Beauty (30мл,,1800,,https://www.cosmetikalux.ru/products/60489650,Уход за лицом,Кремы для век и патчи,,Корея
348,Успокаивающие гидрогелевые патчи с пептидами (60шт),,1500,,https://www.cosmetikalux.ru/products/60489975,Уход за лицом,Кремы для век и патчи,,Корея
349,Патчи с экстрактом розы и пептидами (60шт),,1500,,https://www.cosmetikalux.ru/products/60489991,Здоровье и БАДы,Витамины и минералы,,Корея
350,Bueno Bakuchiol Anti Wrinkle Ampoule Eye Patch (60 шт),,2400,,https://www.cosmetikalux.ru/products/60523942,Уход за лицом,Кремы для век и патчи,,Корея
351,AHC Premier Ampoule In Eye Cream 6 Collagen (40мл),,1600,,https://www.cosmetikalux.ru/products/60523961,Уход за лицом,Кремы для век и патчи,,Корея
352,AHC Premier Ampoule In Eye Cream 6 Collagen (12мл),,450,,https://www.cosmetikalux.ru/products/60529601,Уход за лицом,Кремы для век и патчи,,Корея
353,Manyo Bifida Biome Concentrate Eye Cream,,3000,,https://www.cosmetikalux.ru/products/60540351,Уход за лицом,Кремы для век и патчи,,Корея
354,Round Lab Dokdo Eye Cream,,3100,,https://www.cosmetikalux.ru/products/60540353,Уход за лицом,Кремы для век и патчи,,Корея
355,Heimish Marine Care Retinol Eye Serum (30 мл),,1700,,https://www.cosmetikalux.ru/products/60540354,Уход за лицом,Кремы для век и патчи,,Корея
356,5 Growth Factors Eye Tox Cream,,1500,,https://www.cosmetikalux.ru/products/60540514,Уход за лицом,Кремы и эмульсии,,Корея
357,Mezzo Filla Eye Serum,,1700,,https://www.cosmetikalux.ru/products/60553427,Уход за лицом,Кремы для век и патчи,,Корея
358,Укрепляющий крем для век со стволовыми клетками (30мл),,2100,,https://www.cosmetikalux.ru/products/60553469,Уход за лицом,Кремы для век и патчи,,Корея
359,Лифтинг-крем для век с пептидным комплексом,,1800,,https://www.cosmetikalux.ru/products/60553481,Здоровье и БАДы,Витамины и минералы,,Корея
360,Крем для глаз с лифтинг эффектом,,2000,,https://www.cosmetikalux.ru/products/60557589,Уход за лицом,Кремы для век и патчи,,Корея
361,SKIN1004 Probio-Cica Bakuchiol Eye Cream (20 мл),,1500,,https://www.cosmetikalux.ru/products/60557679,Уход за лицом,Кремы для век и патчи,,Корея
362,Интенсивный массажный крем для век Peptide 9,,1800,,https://www.cosmetikalux.ru/products/60558242,Уход за лицом,Кремы для век и патчи,,Корея
363,Увлажняющие гидрогелевые патчи с пептидами (60шт),,1800,,https://www.cosmetikalux.ru/products/60558243,Уход за лицом,Кремы для век и патчи,,Корея
364,JMsolution Регенерирующие патчи с прополисом,,1150,,https://www.cosmetikalux.ru/products/60558287,Уход за лицом,Кремы для век и патчи,,Корея
365,Коллагеновые патчи для век с лактобактериями (60шт),,1900,,https://www.cosmetikalux.ru/products/60558524,Здоровье и БАДы,Для красоты и молодости,,Корея
366,JMsolution Marine Luminous Pearl Eye Patch (60 шт),,1100,,https://www.cosmetikalux.ru/products/60558587,Уход за лицом,Кремы для век и патчи,,Корея
367,Peptide Balance9 Eye Hyaluronic Volumy Eye Cream,,1600,,https://www.cosmetikalux.ru/products/60616893,Уход за лицом,Кремы для век и патчи,,Корея
368,Hyaluron Dark Benone Peptide 9 Ampoule Eye Patch,,1500,,https://www.cosmetikalux.ru/products/60617069,Уход за лицом,Кремы для век и патчи,,Корея
369,Heimish Matcha Biome Active Hydrogel Eye Patch (60 шт),,1900,,https://www.cosmetikalux.ru/products/60630116,Уход за лицом,Кремы для век и патчи,,Корея
370,Torriden Cellmazing,,2550,,https://www.cosmetikalux.ru/products/60630156,Уход за лицом,Кремы для век и патчи,,Корея
371,Celimax The Real Noni Ultimate Eye Cream (20 мл),,1700,,https://www.cosmetikalux.ru/products/60769181,Уход за лицом,Кремы для век и патчи,,Корея
372,Coreana Orthia Сыворотка ампульная с золотом 24К (30мл),,1300,,https://www.cosmetikalux.ru/products/60769182,Уход за лицом,Сыворотки и ампулы,,Корея
373,BeauuGreen Sea Cucumber Hydrogel Eye Patch (60шт),,900,,https://www.cosmetikalux.ru/products/60769183,Уход за лицом,Кремы для век и патчи,,Корея
374,BeauuGreen Pomegranate & Ruby Powder Patch (60шт),,950,,https://www.cosmetikalux.ru/products/61019330,Уход за лицом,Кремы для век и патчи,,Корея
375,EKEL Black Pearl Hydrogel Eye Patch (60шт),,800,,https://www.cosmetikalux.ru/products/61039499,Уход за лицом,Кремы для век и патчи,,Корея
376,Wonjin Effect Eye&Face Cica Barrier Retinol Cream (50 г,,2350,,https://www.cosmetikalux.ru/products/61039531,Уход за лицом,Кремы и эмульсии,,Корея
377,Beauugreen Carrot Hydrogel Eye Patch (60шт),,950,,https://www.cosmetikalux.ru/products/61039536,Уход за лицом,Кремы для век и патчи,,Корея
378,Medi-Peel Peptide 9 Volume Lifting Eye Patch Pro (60шт),,2000,,https://www.cosmetikalux.ru/products/61039577,Уход за лицом,Кремы для век и патчи,,Корея
379,Bueno MGF Peptide Eyecream Plus (30 г),,2300,,https://www.cosmetikalux.ru/products/61039584,Уход за лицом,Кремы для век и патчи,,Корея
380,Bueno Bakuchiol Retinol Eye Cream (25 г),,2350,,https://www.cosmetikalux.ru/products/61039596,Уход за лицом,Кремы для век и патчи,,Корея
381,Neogen Dermalogy V.Biome Advanced Eye Cream (35 мл),,3100,,https://www.cosmetikalux.ru/products/61039753,Уход за лицом,Кремы для век и патчи,,Корея
382,Tenzero Hyaluronic Eye Cream (40 мл),,300,,https://www.cosmetikalux.ru/products/61039769,Уход за лицом,Кремы для век и патчи,,Корея
383,Tenzero Green Tangerine Vita C Eye Cream (40 мл),,300,,https://www.cosmetikalux.ru/products/61039786,Уход за лицом,Кремы для век и патчи,,Корея
384,Tenzero Moisture Collagen Hydrogel Eye Patch (60 шт),,1050,,https://www.cosmetikalux.ru/products/61039793,Уход за лицом,Кремы для век и патчи,,Корея
385,Tenzero Green Tangerine Vita C Hydrogel Eye Patch (60 ш,,1050,,https://www.cosmetikalux.ru/products/61083322,Уход за лицом,Кремы для век и патчи,,Корея
386,Tenzero Relief Cica Hydrogel Eye Patch (60 шт),,1050,,https://www.cosmetikalux.ru/products/61083323,Уход за лицом,Кремы для век и патчи,,Корея
387,BeauuGreen Coral & Aqua Hydrogel Eye Patch (60 шт),,900,,https://www.cosmetikalux.ru/products/61083325,Уход за лицом,Кремы для век и патчи,,Корея
388,WellDerma Eye Mask Warming (1 шт),,150,,https://www.cosmetikalux.ru/products/61083328,Уход за лицом,Кремы для век и патчи,,Корея
389,Medi Flower Collagen Hydrogel Eye Patch (60 шт),,960,,https://www.cosmetikalux.ru/products/61091484,Уход за лицом,Кремы для век и патчи,,Корея
390,Medi Flower Aronyx Gold Snail Nutritive Eye Patch (60 ш,,960,,https://www.cosmetikalux.ru/products/61159456,Уход за телом,Аксессуары для ухода,,Корея
391,Tenzero Moisture Collagen Under Eye Zone Patch (30 шт),,280,,https://www.cosmetikalux.ru/products/61159457,Уход за лицом,Кремы для век и патчи,,Корея
392,BellmonaBio Signal Eye Cream (40мл),,550,,https://www.cosmetikalux.ru/products/61159460,Уход за лицом,Кремы для век и патчи,,Корея
393,Farmstay Hyaluronic Acid & Collagen Rolling Eye Serum (,,650,,https://www.cosmetikalux.ru/products/61159461,Здоровье и БАДы,Витамины и минералы,,Корея
394,AHC Premier Ampoule Eye Cream ForFace Line Tightening T,,1200,,https://www.cosmetikalux.ru/products/61160334,Уход за лицом,Кремы для век и патчи,,Корея
395,Red Lacto Collagen Barrier Cream 80ml,,2450,,https://www.cosmetikalux.ru/products/61167558,Уход за лицом,Кремы и эмульсии,,Корея
396,SKIN1004 Anti-Inflammatory Tea Tree Cream,,2500,,https://www.cosmetikalux.ru/products/61185405,Уход за лицом,Кремы и эмульсии,,Корея
397,Lagom Collagen Anti-Wrinkle Neck Cream 50ml,,2800,,https://www.cosmetikalux.ru/products/61185453,Уход за лицом,Кремы для шеи,,Корея
398,HERA Age Away Aesthetic BX Cream 25mg,,1500,,https://www.cosmetikalux.ru/products/61185563,Уход за лицом,Кремы и эмульсии,премиум,Корея
399,By Wishtrend Vitamin A-mazing Bakuchiol Night Cream,,3500,,https://www.cosmetikalux.ru/products/61202383,Здоровье и БАДы,Витамины и минералы,,Корея
400,Lamellar Moisturizing Cream,,1800,,https://www.cosmetikalux.ru/products/61233932,Уход за лицом,Кремы и эмульсии,,Корея
401,Round Lab Pine & Centella Cream 50ml,,2300,,https://www.cosmetikalux.ru/products/61236228,Уход за лицом,Кремы и эмульсии,,Корея
402,Round Lab Vita Niacinamide Dark Spot Cream 50ml,,2300,,https://www.cosmetikalux.ru/products/61243540,Уход за лицом,Кремы и эмульсии,,Корея
403,"VT Cosmetics PDRN Capsule Cream 100, 50ml",,3200,,https://www.cosmetikalux.ru/products/61243726,Здоровье и БАДы,Витамины и минералы,,Корея
404,Medicube Zero Pore One Day Cream 50ml,,2800,,https://www.cosmetikalux.ru/products/61243731,Уход за лицом,Кремы и эмульсии,,Корея
405,Round Lab Soybean Panthenol Cream 80ml,,2900,,https://www.cosmetikalux.ru/products/61243843,Уход за лицом,Кремы и эмульсии,,Корея
406,Restorative Problem Skin Cream 60ml,,2100,,https://www.cosmetikalux.ru/products/61243883,Уход за лицом,Кремы и эмульсии,,Корея
407,Anua 3 Ceramide Panthenol Moisture Barrier Cream 100ml,,3600,,https://www.cosmetikalux.ru/products/61243915,Уход за лицом,Кремы и эмульсии,,Корея
408,Dr.Jart+ Ceramidin Skin Barrier Moisturizing Cream 50ml,,3600,,https://www.cosmetikalux.ru/products/61243922,Уход за лицом,Кремы и эмульсии,,Корея
409,Dr.Jart+ Ctrl-A Treatment Moisturizer 50ml,,1800,,https://www.cosmetikalux.ru/products/61244038,Уход за лицом,Кремы и эмульсии,,Корея
410,Heimish Watermelon Gel-Cream,,2050,,https://www.cosmetikalux.ru/products/61244063,Уход за лицом,Кремы и эмульсии,,Корея
411,Isntree Ultra-low Molecular Hyaluronic Acid Zinc Aqua C,,1400,,https://www.cosmetikalux.ru/products/61254773,Здоровье и БАДы,Витамины и минералы,,Корея
412,OHUI The First Geniture Cream Intensive (mini),,700,,https://www.cosmetikalux.ru/products/61254774,Уход за лицом,Кремы и эмульсии,премиум,Корея
413,Medicube TXA Niacinamide Capsule Cream 55ml,,3000,,https://www.cosmetikalux.ru/products/61254776,Здоровье и БАДы,Витамины и минералы,,Корея
414,SKIN1004 Centella Protective Cooling Cream 75ml,,2000,,https://www.cosmetikalux.ru/products/61263965,Уход за лицом,Кремы и эмульсии,,Корея
415,Manyo Anti-Aging Concentrated Cream with Bifidobacteria,,4600,,https://www.cosmetikalux.ru/products/61263993,Уход за лицом,Кремы и эмульсии,,Корея
416,Round Lab Birch Juice Moisturizing Intensive Cream 50ml,,3000,,https://www.cosmetikalux.ru/products/61263995,Уход за лицом,Кремы и эмульсии,,Корея
417,Round Lab Birch Juice Cream for Sensitive Skin,,2800,,https://www.cosmetikalux.ru/products/61329565,Уход за лицом,Кремы и эмульсии,,Корея
418,Round Lab Light Mineral Complex Cream 80ml,,3000,,https://www.cosmetikalux.ru/products/61331471,Здоровье и БАДы,Витамины и минералы,,Корея
419,Dr.Ceuracle Probiotic Problem Skin Cream 50ml,,3950,,https://www.cosmetikalux.ru/products/61353608,Уход за лицом,Кремы и эмульсии,,Корея
420,SKIN1004 Soothing Moisturizing Cream,,2000,,https://www.cosmetikalux.ru/products/61353670,Уход за лицом,Кремы и эмульсии,,Корея
421,Medicube Exosome Cica Cream 50ml,,2000,,https://www.cosmetikalux.ru/products/61353671,Уход за лицом,Кремы и эмульсии,,Корея
422,Dr.Ceuracle Probiotic Moisturizing Cream,,2250,,https://www.cosmetikalux.ru/products/61353677,Уход за лицом,Кремы и эмульсии,,Корея
423,Medicube Collagen Jelly Cream with PDRN 110ml,,3400,,https://www.cosmetikalux.ru/products/61353678,Уход за лицом,Кремы и эмульсии,,Корея
424,Torriden Moisturizing Cream 100ml,,2300,,https://www.cosmetikalux.ru/products/61353688,Уход за лицом,Кремы и эмульсии,,Корея
425,SKIN1004 Madagascar Centella Tone Brightening Capsule C,,2200,,https://www.cosmetikalux.ru/products/61353696,Лечебные средства,Лечебные мази и кремы,,Корея
426,Dr.Ceuracle Kombucha Fermented Tea Set (50ml + 30ml),,3500,,https://www.cosmetikalux.ru/products/61397846,Уход за лицом,Кремы и эмульсии,,Корея
427,SKIN1004 Madagascar Centella Poremizing Light Gel Cream,,1500,,https://www.cosmetikalux.ru/products/61397881,Лечебные средства,Лечебные мази и кремы,,Корея
428,Beauty of Joseon Dynasty Rice & Ginseng Cream 50ml,,3300,,https://www.cosmetikalux.ru/products/61398520,Уход за лицом,Кремы и эмульсии,,Корея
429,Manyo Bifida Biome Aqua Barrier Cream 80ml,,2800,,https://www.cosmetikalux.ru/products/61398684,Уход за лицом,Кремы и эмульсии,,Корея
430,MP Premium Golden Camellia Wrinkle Cream 50ml,,3350,,https://www.cosmetikalux.ru/products/61398685,Уход за лицом,Кремы и эмульсии,,Корея
431,Medicube Red Cream 2.0 with Tea Tree 100ml,,2700,,https://www.cosmetikalux.ru/products/61398689,Уход за лицом,Кремы и эмульсии,,Корея
432,MP Double Lifting Cream with Retinol & Collagen 50ml,,2400,,https://www.cosmetikalux.ru/products/61398696,Уход за лицом,Кремы и эмульсии,,Корея
433,OHUI Age Recovery Cream 20ml,,2500,,https://www.cosmetikalux.ru/products/61398699,Уход за лицом,Кремы и эмульсии,премиум,Корея
434,Round Lab Pine Calming Cica Cream Plus 60ml,,1900,,https://www.cosmetikalux.ru/products/61398822,Уход за лицом,Кремы и эмульсии,,Корея
435,AHA BHA 28 Days Hyal Cream 30ml,,2000,,https://www.cosmetikalux.ru/products/61398825,Уход за лицом,Кремы и эмульсии,,Корея
436,ILLIYOON Hyaluronic Moisture Cream 100ml,,1400,,https://www.cosmetikalux.ru/products/61398830,Уход за лицом,Кремы и эмульсии,,Корея
437,AXIS-Y Dark Spot Correcting Glow Cream 50ml,,1700,,https://www.cosmetikalux.ru/products/61398831,Уход за лицом,Кремы и эмульсии,,Корея
438,SULWHASOO Essential Comfort Firming Cream EX 75ml,,10500,,https://www.cosmetikalux.ru/products/61406728,Уход за лицом,Кремы и эмульсии,премиум,Корея
439,CKD Retino Collagen Guasha Neck Cream 50ml,,2800,,https://www.cosmetikalux.ru/products/61406739,Уход за лицом,Кремы для шеи,,Корея
440,MANYO VCollagen Heart Fit Cream 50ml,,4400,,https://www.cosmetikalux.ru/products/61406749,Уход за лицом,Кремы и эмульсии,,Корея
441,Manyo Galactomy Essence Cream 50ml,,2000,,https://www.cosmetikalux.ru/products/61406760,Уход за лицом,Кремы и эмульсии,,Корея
442,Round Lab 1025 Dokdo Light Cream,,3000,,https://www.cosmetikalux.ru/products/61406774,Уход за лицом,Кремы и эмульсии,,Корея
443,Torriden Balanceful Cica Cream 50ml,,2200,,https://www.cosmetikalux.ru/products/61406789,Уход за лицом,Кремы и эмульсии,,Корея
444,Bor-Tox Peptide Cream 50ml,,2250,,https://www.cosmetikalux.ru/products/61406804,Уход за лицом,Кремы и эмульсии,,Корея
445,Power Aqua Cream 50ml,,1700,,https://www.cosmetikalux.ru/products/61409182,Уход за лицом,Кремы и эмульсии,,Корея
446,Cell Toxing Dermajours Cream,,2600,,https://www.cosmetikalux.ru/products/61409206,Уход за лицом,Кремы и эмульсии,,Корея
447,MP Collagen Super 10 Sleeping Cream 70ml,,1900,,https://www.cosmetikalux.ru/products/61409402,Здоровье и БАДы,"Для мозга, сна и стресса",,Корея
448,MP Glutathione Bio-Intense White Cream 50ml,,2300,,https://www.cosmetikalux.ru/products/61458078,Уход за лицом,Кремы и эмульсии,,Корея
449,"MP Volume Tox Cream Peptide 9, 50ml",,1800,,https://www.cosmetikalux.ru/products/61458090,Уход за лицом,Кремы и эмульсии,,Корея
450,MP Hyal Kombucha Tea-Tox Cream 50ml,,1950,,https://www.cosmetikalux.ru/products/61459049,Уход за лицом,Кремы и эмульсии,,Корея
451,Meditime Botalinum Concentrate Care Cream,,1300,,https://www.cosmetikalux.ru/products/61459057,Уход за лицом,Кремы и эмульсии,,Корея
452,MEDITIME Melaban Whitening Cream 50g,,2250,,https://www.cosmetikalux.ru/products/61547372,Уход за лицом,Кремы и эмульсии,,Корея
453,MANYO Blackhead & Pore Cream,,1450,,https://www.cosmetikalux.ru/products/61562654,Уход за лицом,Кремы и эмульсии,,Корея
454,AXIS-Y Heartleaf My Type Calming Gel-Cream,,2000,,https://www.cosmetikalux.ru/products/61562687,Уход за лицом,Кремы и эмульсии,,Корея
455,AXIS-Y LHA Peel & Fill Pore Balancing Cream 50ml,,2000,,https://www.cosmetikalux.ru/products/61593631,Уход за лицом,Кремы и эмульсии,,Корея
456,SKIN1004 Madagascar Centella Probio-Cica Enrich Cream 5,,1800,,https://www.cosmetikalux.ru/products/61601149,Лечебные средства,Лечебные мази и кремы,,Корея
457,Anua Peach 77 Niacin Enriched Cream,,3200,,https://www.cosmetikalux.ru/products/61608223,Уход за лицом,Кремы и эмульсии,,Корея
458,Anua Heartleaf 70% Intense Calming Cream 50ml,,3200,,https://www.cosmetikalux.ru/products/61608399,Уход за лицом,Кремы и эмульсии,,Корея
459,Melanon Whitening Cream,,1500,,https://www.cosmetikalux.ru/products/61608400,Уход за лицом,Кремы и эмульсии,,Корея
460,Centella Soothing Cream for Sensitive Skin,,1700,,https://www.cosmetikalux.ru/products/61608834,Уход за лицом,Кремы и эмульсии,,Корея
461,Medi-Peel Vitamin Moisturizing Gel-Cream,,2000,,https://www.cosmetikalux.ru/products/61618923,Здоровье и БАДы,Витамины и минералы,,Корея
462,CELIMAX The Real Cica Soothing Cream 50ml,,1700,,https://www.cosmetikalux.ru/products/61618924,Уход за лицом,Кремы и эмульсии,,Корея
463,Celimax Dual Barrier Skin Wearable Cream 50ml,,2100,,https://www.cosmetikalux.ru/products/61618925,Уход за лицом,Кремы и эмульсии,,Корея
464,Bueno Brightening Moisture Cream with Black Truffle 80g,,2650,,https://www.cosmetikalux.ru/products/61618926,Уход за лицом,Кремы и эмульсии,,Корея
465,AHC Capture Solution Prime Moist Cream,,1800,,https://www.cosmetikalux.ru/products/61623853,Уход за лицом,Кремы и эмульсии,,Корея
466,AHC Capture Solution Prime Revital Cream,,1800,,https://www.cosmetikalux.ru/products/61630823,Уход за лицом,Кремы и эмульсии,,Корея
467,Dr.Jart+ Cicapair Tiger Grass Color Correcting Cream,,4200,,https://www.cosmetikalux.ru/products/61713788,Уход за лицом,Кремы и эмульсии,,Корея
468,Anua Birch 70% Boosting Cream Moisture,,2950,,https://www.cosmetikalux.ru/products/61719957,Уход за лицом,Кремы и эмульсии,,Корея
469,COSRX Advanced Snail 92 All In One Cream,,1950,,https://www.cosmetikalux.ru/products/61719972,Уход за телом,Аксессуары для ухода,,Корея
470,Nutrient Peptide & EGF Anti-Wrinkle Cream,,1900,,https://www.cosmetikalux.ru/products/61720634,Уход за лицом,Кремы и эмульсии,,Корея
471,Beauty of Joseon Red Bean Gel for Oily Skin 100ml,,1700,,https://www.cosmetikalux.ru/products/61777264,Уход за лицом,Кремы и эмульсии,,Корея
472,SULWHASOO Essential Comfort Firming Cream EX 15ml,,1200,,https://www.cosmetikalux.ru/products/61777285,Уход за лицом,Кремы и эмульсии,премиум,Корея
473,Meditime NEO Real Collagen Lifting Cream,,1550,,https://www.cosmetikalux.ru/products/61791611,Уход за лицом,Кремы и эмульсии,,Корея
474,Celimax The Real Noni Energy Repair Cream 50ml,,2000,,https://www.cosmetikalux.ru/products/61791627,Уход за лицом,Кремы и эмульсии,,Корея
475,Meditime Botalinum Derma Zium Antioxidant Lifting Cream,,1450,,https://www.cosmetikalux.ru/products/61838593,Уход за лицом,Кремы и эмульсии,,Корея
476,JMSolution Honey Luminous Royal Propolis Stick 9.8g,,800,,https://www.cosmetikalux.ru/products/61838598,Уход за лицом,Кремы и эмульсии,,Корея
477,Torriden Moisturizing Cream 100ml,,2000,,https://www.cosmetikalux.ru/products/61838602,Уход за лицом,Кремы и эмульсии,,Корея
478,Some By Mi Yuzu & Niacinamide Brightening Cream,,2450,,https://www.cosmetikalux.ru/products/61838605,Уход за лицом,Кремы и эмульсии,,Корея
479,Heimish Matcha Biome Intensive Repair Cream,,1750,,,Уход за лицом,Кремы и эмульсии,,Корея
480,Heimish Marine Care Deep Moisture Nourishing Cream,,2500,,,Уход за лицом,Кремы и эмульсии,,Корея
481,Heimish Moringa Ceramide Hyaluronic Hydrating Cream,,2500,,,Уход за лицом,Кремы и эмульсии,,Корея
482,Celimax Derma Nature Glutathione Tone-Up Cream,,1600,,,Уход за лицом,Кремы и эмульсии,,Корея
483,AXIS-Y Panthenol 10 Skin Smoothing Shield Cream 50ml,,1900,,,Уход за лицом,Кремы и эмульсии,,Корея
484,d'Alba White Truffle Extra Nourishing Cream,,2350,,,Уход за лицом,Кремы и эмульсии,премиум,Корея
485,Lagom White Moisture Cream,,2750,,,Уход за лицом,Кремы и эмульсии,,Корея
486,Torriden SOLID IN Ceramide Cream,,2750,,,Уход за лицом,Кремы и эмульсии,,Корея
487,Torriden Cellmazing Firming Cream with Collagen 60ml,,2300,,,Уход за лицом,Кремы и эмульсии,,Корея
488,Celimax Oil Control Cream 180ml,,1600,,,Уход за лицом,Кремы и эмульсии,,Корея
489,"MP Premium Collagen Neck Cream 2.0, 100ml",,2150,,,Уход за лицом,Кремы для шеи,,Корея
490,Dr.Ceuracle Tea Tree Purifine Cream 50ml,,3350,,,Уход за лицом,Кремы и эмульсии,,Корея
491,Lagom Cellus Deep Moisture Cream,,2700,,,Уход за лицом,Кремы и эмульсии,,Корея
492,Lagom Cellus Sensitive Cica Cream,,2300,,,Уход за лицом,Кремы и эмульсии,,Корея
493,Abib Jericho Rose Cream Nutrition Tube 75ml,,2750,,,Уход за лицом,Кремы и эмульсии,,Корея
494,CKD Retino Collagen Small Molecule 300 Intensive Cream,,1350,,,Уход за лицом,Кремы и эмульсии,,Корея
